{"gru": 198.5895745754242, "lstm": 223.07371950149536, "bidirectional": 516.9987940788269, "time2vec": 123.18669867515564, "cnn": 161.2922821044922, "transformer": 1545.7983243465424}