{"gru": 200.5372166633606, "lstm": 224.2295265197754, "bidirectional": 515.7144947052002, "time2vec": 124.24958610534668, "cnn": 161.21596097946167, "transformer": 1546.1911764144897}