{"gru": 22.495807886123657, "lstm": 13.854365825653076, "bidirectional": 29.32539963722229, "time2vec": 8.367257356643677, "cnn": 54.37760329246521, "transformer": 67.52274656295776}