{"gru": {"loss": [0.05267287418246269, 0.04132724553346634], "mse": [0.05267287418246269, 0.04132724553346634], "mae": [0.17921385169029236, 0.16003094613552094], "val_loss": [0.03264416754245758, 0.03252965956926346], "val_mse": [0.03264416754245758, 0.03252965956926346], "val_mae": [0.14125947654247284, 0.14113543927669525]}, "lstm": {"loss": [0.05216021463274956, 0.040776677429676056], "mse": [0.05216021463274956, 0.040776677429676056], "mae": [0.17903238534927368, 0.15913009643554688], "val_loss": [0.03336530178785324, 0.03282648324966431], "val_mse": [0.03336530178785324, 0.03282648324966431], "val_mae": [0.14305715262889862, 0.1420421004295349]}, "bidirectional": {"loss": [0.04984375089406967, 0.03984791040420532], "mse": [0.04984375089406967, 0.03984791040420532], "mae": [0.17448341846466064, 0.1570558249950409], "val_loss": [0.03253276273608208, 0.03242645412683487], "val_mse": [0.03253276273608208, 0.03242645412683487], "val_mae": [0.14073747396469116, 0.14056386053562164]}, "time2vec": {"loss": [0.054907552897930145, 0.04062999039888382], "mse": [0.054907552897930145, 0.04062999039888382], "mae": [0.1843688040971756, 0.15866988897323608], "val_loss": [0.03314480185508728, 0.03293827921152115], "val_mse": [0.03314480185508728, 0.03293827921152115], "val_mae": [0.14274848997592926, 0.14157982170581818]}, "cnn": {"loss": [0.03846465423703194, 0.0384642519056797], "mse": [0.03846465423703194, 0.038464274257421494], "mae": [0.15699464082717896, 0.15699157118797302], "val_loss": [0.03788130357861519, 0.037906017154455185], "val_mse": [0.03788129612803459, 0.037906013429164886], "val_mae": [0.15585894882678986, 0.15594813227653503]}, "transformer": {"loss": [0.13630540668964386, 0.08555421978235245], "mse": [0.13630540668964386, 0.08555421978235245], "mae": [0.29081031680107117, 0.2311324179172516], "val_loss": [0.04115604981780052, 0.0408596396446228], "val_mse": [0.04115604981780052, 0.0408596396446228], "val_mae": [0.157978817820549, 0.15737928450107574]}}