{"gru": 208.44231462478638, "lstm": 226.15812873840332, "bidirectional": 518.1531949043274, "time2vec": 125.95113706588745, "cnn": 158.90628004074097, "transformer": 1542.901290655136}